protocol,DAI_best_p,DAI_best_lag,TVL_best_p,TVL_best_lag,DAI_Significant,TVL_Significant
aave_v3,0.001288003347814664,3,0.7182333533519959,1,True,False
compound_v3,0.44916634468439687,3,0.13317641254511645,7,False,False
curve,0.2832305781747997,3,0.4583189905350632,3,False,False
lido,0.1712101683126128,4,0.4622964760811752,1,False,False
makerdao,0.3562095588667359,1,0.33119428452532634,1,False,False
uniswap_v3,0.12744142533990252,1,0.14547802329045179,1,False,False
