protocol,n_obs,r_dai,p_dai,rho_dai,r_tvl,p_tvl,rho_tvl,advantage
makerdao,366,0.2395957830457101,3.5564057757966394e-06,0.107796299821527,-0.4702019393714922,1.5682687327549566e-21,-0.4829195760014832,0.7097977224172023
aave_v3,366,0.5067197879304406,2.8702475202890447e-25,0.5143363237554293,0.39565749815214735,3.638139166654035e-15,0.4112067240589114,0.11106228977829324
lido,366,0.48616900859761414,4.132919657639265e-23,0.46988216620335554,0.40438215217592965,7.850074256517564e-16,0.4128730531601327,0.08178685642168448
compound_v3,366,0.8052778392800799,1.19983327383677e-84,0.6972854231082006,0.8320314598532648,3.513214686346172e-95,0.7759940180547541,-0.026753620573184866
curve,366,-0.05353746399301585,0.3070360076704235,-0.07604413740876644,0.2191927824015304,2.330492442148177e-05,0.21172622810082417,-0.27273024639454624
uniswap_v3,366,0.09737951784587802,0.06273959774516842,0.22732152082645368,0.719567226778097,1.3003014449294427e-59,0.6364372425043643,-0.622187708932219
