protocol,best_p_MM,best_lag_MM,significant_MM,best_p_ZS,best_lag_ZS,significant_ZS
aave_v3,0.000512735759197513,3,True,0.47350337470033954,2,False
compound_v3,0.368363392976237,3,False,0.010844560333618053,7,True
curve,0.5126021982392241,1,False,0.18139892860201356,6,False
lido,0.04338666549378973,4,True,0.07304811638003925,4,False
makerdao,0.11879668161252879,1,False,0.11914007771749202,1,False
uniswap_v3,0.046057842575303744,4,True,0.2212573301311404,7,False
